{
    "cam_0": {
        "extrinsic": [[0.9960730075836182, -0.07000549882650375, -0.05419420078396797, 3.625],
                      [-0.06688780337572098, -0.1940539926290512, -0.978708028793335, -0.5],
                      [0.05799829959869385, 0.9784899950027466, -0.19797499477863312, -7.0625],
                      [0.0, 0.0, 0.0, 1.0]],
        "intrinsic": [[2708.596128, 0.0, 985.00205],
                      [0.0, 2703.533202, 628.589767],
                      [0.0, 0.0, 1.0]]
            }
}